keyword,count
crush 聊天记录,92
恋爱军师,74
AI 分手挽回,73
AI 恋爱军师,65
AI 安慰朋友,58
AI 高情商回复,48
AI 表白文案,48
AI 分析聊天记录,44
AI 代聊,44
怎么和室友沟通,42
去 AI 味回复,39
社恐怎么回消息,38
赛博军师,36
AI 嘴替,34
AI帮我分析感情,34
AI 高情商话术,32
DeepSeek帮我回消息,32
AI 拒绝别人,31
AI 帮我哄对象,31
AI 帮我道歉,31
让AI帮我谈恋爱,31
让AI当恋爱军师,31
AI 情绪价值,30
AI 味太重,30
AI 教我说话,28
嘴笨怎么聊天,28
怎么拒绝别人不尴尬,28
让 GPT 回消息,27
把聊天记录发给 AI,27
AI 帮我阴阳怪气,27
AI分析暧昧对象,26
AI 帮我追人,25
AI 帮我拒绝,25
AI分析crush,25
ChatGPT 恋爱建议,24
AI 道歉小作文,24
Kimi帮我回消息,23
DeepSeek 恋爱建议,22
AI 社交话术,22
AI 给老师发消息,21
不会回消息问 AI,21
AI帮我追crush,20
AI 帮我写请假,19
AI帮我聊天,19
豆包帮我回消息,19
怎么给老师发消息,19
AI 道歉文案,18
军师 GPT,18
AI 聊天回复,17
AI 恋爱不真诚,17
ChatGPT帮我回消息,17
AI帮忙回消息,16
AI帮我写小作文,16
AI 聊天记录隐私,15
AI 请假理由,15
AI 和室友沟通,15
把聊天记录给ChatGPT看,15
AI 社交依赖,14
ChatGPT分析聊天记录,14
AI判断暧昧,14
AI 判断他喜不喜欢我,13
AI 给辅导员发消息,13
AI 帮我回消息,12
AI 社团请假,12
让 AI 分析聊天记录,12
AI帮我哄女朋友,12
把隐私发给AI,12
AI 情感咨询,11
AI帮我判断关系,11
AI帮我哄男朋友,11
AI 回复太假,10
AI 发消息模板,10
通义帮我回消息,10
AI 让人不会聊天,9
把聊天发给ChatGPT,9
让 AI 帮我回消息,9
DeepSeek 回消息,8
一眼 AI,8
ChatGPT 回消息,7
AI情感导师,7
AI 味,6
AI 微信回复模板,6
AI分析他喜不喜欢我,6
AI帮我怼人,6
AI帮我拒绝别人,6
AI 回消息,5
AI 分析感情靠谱吗,5
AI 代聊翻车,5
AI恋爱导师,5
嘴替 AI,4
AI 代回消息,3
这回复像AI,3
聊天记录隐私,3
AI 判断她喜不喜欢我,2
AI帮我回微信,2
AI分析她喜不喜欢我,2
AI味怎么去,2
用AI回消息被发现,2
AI分析聊天靠谱吗,1
AI帮我写道歉小作文,1
